TitleCode,TitleDescription
40447,EMERGENCY PREPAREDNESS MANAGER
40285,COMMISSIONER OF EMERGENCY MANAGEMENT
40448,EMERGENCY PREPAREDNESS SPECIALIST
40291,COMMUNITY ASSOCIATE
40362,DEPUTY COMMISSIONER
40088,AGENCY ATTORNEY
40494,FIRST DEPUTY COMMISSIONER
40199,BUDGET ANALYST
40409,DIRECTOR OF MANAGEMENT & BUDGET
40081,ADMINISTRATIVE STAFF ANALYST
40462,EXECUTIVE AGENCY COUNSEL
40306,COMPUTER SYSTEMS MANAGER
